Workbook
Name Slicer_Dept_Clean: #N/A
Name Slicer_Gender: #N/A

Sheet Pivot_Analysis
A1: Department's Performance
A3: Departments | B3: Total Charges | C3: Admissions | D3: Average LOS
A4: ORTHOPEDICS | B4: 57848 | C4: 3 | D4: 7
A5: PEDIATRICS | B5: 13619 | C5: 2 | D5: 1.5
A6: CARDIOLOGY | B6: 552228 | C6: 34 | D6: 5.6969697
A7: ER | B7: 246661 | C7: 51 | D7: 1.6530612
A8: NEUROLOGY | B8: 459866 | C8: 22 | D8: 7
A9: ONCOLOGY | B9: 810345 | C9: 36 | D9: 8.4285714
A10: ORTHOPEDICS | B10: 783605 | C10: 43 | D10: 7.0465116
A11: PEDIATRICS | B11: 357384 | C11: 43 | D11: 2.9069767
A12: Grand Total | B12: 3281556 | C12: 234 | D12: 5.0786026
A21: Monthly Admissions Trend
A23: Row Levels | B23: Admissions
A24: 2024 | B24: 240
A25: Jan | B25: 94
A26: Feb | B26: 72
A27: Mar | B27: 74
A28: Grand Total | B28: 240

Sheet Patient_Admissions
A1: Patient_ID | B1: Age | C1: Gender | D1: Department | E1: Admission_Date | F1: Discharge_Date | G1: Length_of_Stay | H1: Readmitted | I1: Total_Charges | J1: Dept_Clean | K1: Readmitted_Clean | L1: LOS_Calc | M1: LOS_Check | N1: Target_LOS | O1: LOS_Target_Flag
A2: 2001 | B2: 42 | C2: F | D2: er | E2: 45375 | F2: 45376 | G2: 1 | H2: Yes | I2: 3889 | J2: =UPPER((SUBSTITUTE(D2,CHAR(160)," "))) -> ER | K2: =UPPER(TRIM(H2)) -> YES | L2: =IF(OR(E2="",F2=""),"",F2-E2) -> 1 | M2: =IF(OR(G2="",L2=""),"",IF(G2=L2,"Match","Mismatch")) -> Match | N2: =_xlfn.XLOOKUP(UPPER(TRIM(SUBSTITUTE(J2,CHAR(160)," "))),Departments!A:A,Departments!C:C,"") -> 2 | O2: =IF(OR(L2="",N2=""),"",IF(L2>N2,"Above Target","Within Target")) -> Within Target
A3: 2002 | B3: 56 | C3: M | D3: Cardiology | E3: 45322 | F3: 45325 | G3: 3 | H3: No | I3: 12956 | J3: =UPPER((SUBSTITUTE(D3,CHAR(160)," "))) -> CARDIOLOGY | K3: =UPPER(TRIM(H3)) -> NO | L3: =IF(OR(E3="",F3=""),"",F3-E3) -> 3 | M3: =IF(OR(G3="",L3=""),"",IF(G3=L3,"Match","Mismatch")) -> Match | N3: =_xlfn.XLOOKUP(UPPER(TRIM(SUBSTITUTE(J3,CHAR(160)," "))),Departments!A:A,Departments!C:C,"") -> 5 | O3: =IF(OR(L3="",N3=""),"",IF(L3>N3,"Above Target","Within Target")) -> Within Target
A4: 2003 | B4: 8 | C4: M | D4: Cardiology | E4: 45320 | F4: 45322 | G4: 2 | H4: No | I4: 11137 | J4: =UPPER((SUBSTITUTE(D4,CHAR(160)," "))) -> CARDIOLOGY | K4: =UPPER(TRIM(H4)) -> NO | L4: =IF(OR(E4="",F4=""),"",F4-E4) -> 2 | M4: =IF(OR(G4="",L4=""),"",IF(G4=L4,"Match","Mismatch")) -> Match | N4: =_xlfn.XLOOKUP(UPPER(TRIM(SUBSTITUTE(J4,CHAR(160)," "))),Departments!A:A,Departments!C:C,"") -> 5 | O4: =IF(OR(L4="",N4=""),"",IF(L4>N4,"Above Target","Within Target")) -> Within Target
A5: 2004 | B5: 88 | C5: F | D5: Cardiology | E5: 45366 | F5: 45371 | G5: 5 | H5: No | I5: 19763 | J5: =UPPER((SUBSTITUTE(D5,CHAR(160)," "))) -> CARDIOLOGY | K5: =UPPER(TRIM(H5)) -> NO | L5: =IF(OR(E5="",F5=""),"",F5-E5) -> 5 | M5: =IF(OR(G5="",L5=""),"",IF(G5=L5,"Match","Mismatch")) -> Match | N5: =_xlfn.XLOOKUP(UPPER(TRIM(SUBSTITUTE(J5,CHAR(160)," "))),Departments!A:A,Departments!C:C,"") -> 5 | O5: =IF(OR(L5="",N5=""),"",IF(L5>N5,"Above Target","Within Target")) -> Within Target
A6: 2005 | B6: 55 | C6: M | D6: ER | E6: 45366 | F6: 45368 | G6: 2 | H6: No | I6: 6142 | J6: =UPPER((SUBSTITUTE(D6,CHAR(160)," "))) -> ER | K6: =UPPER(TRIM(H6)) -> NO | L6: =IF(OR(E6="",F6=""),"",F6-E6) -> 2 | M6: =IF(OR(G6="",L6=""),"",IF(G6=L6,"Match","Mismatch")) -> Match | N6: =_xlfn.XLOOKUP(UPPER(TRIM(SUBSTITUTE(J6,CHAR(160)," "))),Departments!A:A,Departments!C:C,"") -> 2 | O6: =IF(OR(L6="",N6=""),"",IF(L6>N6,"Above Target","Within Target")) -> Within Target
A7: 2006 | B7: 64 | C7: M | D7: Pediatrics | E7: 45349 | F7: 45352 | G7: 3 | H7: No | I7: 6588 | J7: =UPPER((SUBSTITUTE(D7,CHAR(160)," "))) -> PEDIATRICS | K7: =UPPER(TRIM(H7)) -> NO | L7: =IF(OR(E7="",F7=""),"",F7-E7) -> 3 | M7: =IF(OR(G7="",L7=""),"",IF(G7=L7,"Match","Mismatch")) -> Match | N7: =_xlfn.XLOOKUP(UPPER(TRIM(SUBSTITUTE(J7,CHAR(160)," "))),Departments!A:A,Departments!C:C,"") -> 3 | O7: =IF(OR(L7="",N7=""),"",IF(L7>N7,"Above Target","Within Target")) -> Within Target
A8: 2007 | B8: 54 | C8: F | D8: Pediatrics | E8: 45301 | F8: 45306 | G8: 5 | H8: No | I8: 11606 | J8: =UPPER((SUBSTITUTE(D8,CHAR(160)," "))) -> PEDIATRICS | K8: =UPPER(TRIM(H8)) -> NO | L8: =IF(OR(E8="",F8=""),"",F8-E8) -> 5 | M8: =IF(OR(G8="",L8=""),"",IF(G8=L8,"Match","Mismatch")) -> Match | N8: =_xlfn.XLOOKUP(UPPER(TRIM(SUBSTITUTE(J8,CHAR(160)," "))),Departments!A:A,Departments!C:C,"") -> 3 | O8: =IF(OR(L8="",N8=""),"",IF(L8>N8,"Above Target","Within Target")) -> Above Target
A9: 2008 | B9: 12 | C9: M | D9: ER | E9: 45381 | F9: 45384 | G9: 3 | H9: Yes | I9: 7627 | J9: =UPPER((SUBSTITUTE(D9,CHAR(160)," "))) -> ER | K9: =UPPER(TRIM(H9)) -> YES | L9: =IF(OR(E9="",F9=""),"",F9-E9) -> 3 | M9: =IF(OR(G9="",L9=""),"",IF(G9=L9,"Match","Mismatch")) -> Match | N9: =_xlfn.XLOOKUP(UPPER(TRIM(SUBSTITUTE(J9,CHAR(160)," "))),Departments!A:A,Departments!C:C,"") -> 2 | O9: =IF(OR(L9="",N9=""),"",IF(L9>N9,"Above Target","Within Target")) -> Above Target
A10: 2009 | B10: 86 | C10: M | D10: Cardiology | E10: 45351 | F10: 45358 | G10: 7 | H10: Yes | I10: 17184 | J10: =UPPER((SUBSTITUTE(D10,CHAR(160)," "))) -> CARDIOLOGY | K10: =UPPER(TRIM(H10)) -> YES | L10: =IF(OR(E10="",F10=""),"",F10-E10) -> 7 | M10: =IF(OR(G10="",L10=""),"",IF(G10=L10,"Match","Mismatch")) -> Match | N10: =_xlfn.XLOOKUP(UPPER(TRIM(SUBSTITUTE(J10,CHAR(160)," "))),Departments!A:A,Departments!C:C,"") -> 5 | O10: =IF(OR(L10="",N10=""),"",IF(L10>N10,"Above Target","Within Target")) -> Above Target
A11: 2010 | B11: 51 | C11: M | D11: Cardiology | E11: 45313 | F11: 45322 | G11: 9 | H11: No | I11: 23230 | J11: =UPPER((SUBSTITUTE(D11,CHAR(160)," "))) -> CARDIOLOGY | K11: =UPPER(TRIM(H11)) -> NO | L11: =IF(OR(E11="",F11=""),"",F11-E11) -> 9 | M11: =IF(OR(G11="",L11=""),"",IF(G11=L11,"Match","Mismatch")) -> Match | N11: =_xlfn.XLOOKUP(UPPER(TRIM(SUBSTITUTE(J11,CHAR(160)," "))),Departments!A:A,Departments!C:C,"") -> 5 | O11: =IF(OR(L11="",N11=""),"",IF(L11>N11,"Above Target","Within Target")) -> Above Target
A12: 2011 | B12: 46 | C12: M | D12: Orthopedics | E12: 45311 | F12: 45314 | G12: 3 | H12: No | I12: 12673 | J12: =UPPER((SUBSTITUTE(D12,CHAR(160)," "))) -> ORTHOPEDICS | K12: =UPPER(TRIM(H12)) -> NO | L12: =IF(OR(E12="",F12=""),"",F12-E12) -> 3 | M12: =IF(OR(G12="",L12=""),"",IF(G12=L12,"Match","Mismatch")) -> Match | N12: =_xlfn.XLOOKUP(UPPER(TRIM(SUBSTITUTE(J12,CHAR(160)," "))),Departments!A:A,Departments!C:C,"") -> 6 | O12: =IF(OR(L12="",N12=""),"",IF(L12>N12,"Above Target","Within Target")) -> Within Target
A13: 2012 | B13: 1 | C13: F | D13: ER | E13: 45360 | F13: 45361 | G13: 1 | H13: No | I13: 5203 | J13: =UPPER((SUBSTITUTE(D13,CHAR(160)," "))) -> ER | K13: =UPPER(TRIM(H13)) -> NO | L13: =IF(OR(E13="",F13=""),"",F13-E13) -> 1 | M13: =IF(OR(G13="",L13=""),"",IF(G13=L13,"Match","Mismatch")) -> Match | N13: =_xlfn.XLOOKUP(UPPER(TRIM(SUBSTITUTE(J13,CHAR(160)," "))),Departments!A:A,Departments!C:C,"") -> 2 | O13: =IF(OR(L13="",N13=""),"",IF(L13>N13,"Above Target","Within Target")) -> Within Target
... A19: 2018 | B19: 47 | C19: F | D19: Neurology | E19: 45320 | F19: 45331 | G19: 11 | H19: No | I19: 29594 | J19: =UPPER((SUBSTITUTE(D19,CHAR(160)," "))) -> NEUROLOGY | K19: =UPPER(TRIM(H19)) -> NO | L19: =IF(OR(E19="",F19=""),"",F19-E19) -> 11 | M19: =IF(OR(G19="",L19=""),"",IF(G19=L19,"Match","Mismatch")) -> Match | N19: =_xlfn.XLOOKUP(UPPER(TRIM(SUBSTITUTE(J19,CHAR(160)," "))),Departments!A:A,Departments!C:C,"") -> 7 | O19: =IF(OR(L19="",N19=""),"",IF(L19>N19,"Above Target","Within Target")) -> Above Target
A20: 2019 | B20: 25 | C20: F | D20: ER | E20: 45321 | G20: 1 | H20: No | J20: =UPPER((SUBSTITUTE(D20,CHAR(160)," "))) -> ER | K20: =UPPER(TRIM(H20)) -> NO | L20: =IF(OR(E20="",F20=""),"",F20-E20) | M20: =IF(OR(G20="",L20=""),"",IF(G20=L20,"Match","Mismatch")) | N20: =_xlfn.XLOOKUP(UPPER(TRIM(SUBSTITUTE(J20,CHAR(160)," "))),Departments!A:A,Departments!C:C,"") -> 2 | O20: =IF(OR(L20="",N20=""),"",IF(L20>N20,"Above Target","Within Target"))
A21: 2020 | B21: 89 | C21: M | D21: ER | E21: 45336 | F21: 45337 | G21: 1 | H21: Yes | I21: 3273 | J21: =UPPER((SUBSTITUTE(D21,CHAR(160)," "))) -> ER | K21: =UPPER(TRIM(H21)) -> YES | L21: =IF(OR(E21="",F21=""),"",F21-E21) -> 1 | M21: =IF(OR(G21="",L21=""),"",IF(G21=L21,"Match","Mismatch")) -> Match | N21: =_xlfn.XLOOKUP(UPPER(TRIM(SUBSTITUTE(J21,CHAR(160)," "))),Departments!A:A,Departments!C:C,"") -> 2 | O21: =IF(OR(L21="",N21=""),"",IF(L21>N21,"Above Target","Within Target")) -> Within Target
A22: 2021 | B22: 79 | C22: F | D22: ER | E22: 45375 | F22: 45376 | G22: 1 | H22: No | I22: 4482 | J22: =UPPER((SUBSTITUTE(D22,CHAR(160)," "))) -> ER | K22: =UPPER(TRIM(H22)) -> NO | L22: =IF(OR(E22="",F22=""),"",F22-E22) -> 1 | M22: =IF(OR(G22="",L22=""),"",IF(G22=L22,"Match","Mismatch")) -> Match | N22: =_xlfn.XLOOKUP(UPPER(TRIM(SUBSTITUTE(J22,CHAR(160)," "))),Departments!A:A,Departments!C:C,"") -> 2 | O22: =IF(OR(L22="",N22=""),"",IF(L22>N22,"Above Target","Within Target")) -> Within Target
A23: 2022 | B23: 62 | C23: F | D23: ER | E23: 45373 | F23: 45374 | G23: 1 | H23: Yes | I23: 4358 | J23: =UPPER((SUBSTITUTE(D23,CHAR(160)," "))) -> ER | K23: =UPPER(TRIM(H23)) -> YES | L23: =IF(OR(E23="",F23=""),"",F23-E23) -> 1 | M23: =IF(OR(G23="",L23=""),"",IF(G23=L23,"Match","Mismatch")) -> Match | N23: =_xlfn.XLOOKUP(UPPER(TRIM(SUBSTITUTE(J23,CHAR(160)," "))),Departments!A:A,Departments!C:C,"") -> 2 | O23: =IF(OR(L23="",N23=""),"",IF(L23>N23,"Above Target","Within Target")) -> Within Target
A24: 2023 | B24: 17 | C24: F | D24: Orthopedics | E24: 45367 | F24: 45376 | G24: 9 | H24: No | I24: 19243 | J24: =UPPER((SUBSTITUTE(D24,CHAR(160)," "))) -> ORTHOPEDICS | K24: =UPPER(TRIM(H24)) -> NO | L24: =IF(OR(E24="",F24=""),"",F24-E24) -> 9 | M24: =IF(OR(G24="",L24=""),"",IF(G24=L24,"Match","Mismatch")) -> Match | N24: =_xlfn.XLOOKUP(UPPER(TRIM(SUBSTITUTE(J24,CHAR(160)," "))),Departments!A:A,Departments!C:C,"") -> 6 | O24: =IF(OR(L24="",N24=""),"",IF(L24>N24,"Above Target","Within Target")) -> Above Target
A25: 2024 | B25: 71 | C25: F | D25: cardiology | E25: 45293 | F25: 45296 | G25: 3 | H25: No | I25: 12643 | J25: =UPPER((SUBSTITUTE(D25,CHAR(160)," "))) -> CARDIOLOGY | K25: =UPPER(TRIM(H25)) -> NO | L25: =IF(OR(E25="",F25=""),"",F25-E25) -> 3 | M25: =IF(OR(G25="",L25=""),"",IF(G25=L25,"Match","Mismatch")) -> Match | N25: =_xlfn.XLOOKUP(UPPER(TRIM(SUBSTITUTE(J25,CHAR(160)," "))),Departments!A:A,Departments!C:C,"") -> 5 | O25: =IF(OR(L25="",N25=""),"",IF(L25>N25,"Above Target","Within Target")) -> Within Target
A26: 2025 | B26: 28 | C26: M | D26: Oncology | E26: 45322 | F26: 45336 | G26: 14 | H26: No | I26: 29848 | J26: =UPPER((SUBSTITUTE(D26,CHAR(160)," "))) -> ONCOLOGY | K26: =UPPER(TRIM(H26)) -> NO | L26: =IF(OR(E26="",F26=""),"",F26-E26) -> 14 | M26: =IF(OR(G26="",L26=""),"",IF(G26=L26,"Match","Mismatch")) -> Match | N26: =_xlfn.XLOOKUP(UPPER(TRIM(SUBSTITUTE(J26,CHAR(160)," "))),Departments!A:A,Departments!C:C,"") -> 6 | O26: =IF(OR(L26="",N26=""),"",IF(L26>N26,"Above Target","Within Target")) -> Above Target
A27: 2026 | B27: 59 | C27: M | D27: Oncology | E27: 45308 | F27: 45318 | G27: 10 | H27: Yes | I27: 28188 | J27: =UPPER((SUBSTITUTE(D27,CHAR(160)," "))) -> ONCOLOGY | K27: =UPPER(TRIM(H27)) -> YES | L27: =IF(OR(E27="",F27=""),"",F27-E27) -> 10 | M27: =IF(OR(G27="",L27=""),"",IF(G27=L27,"Match","Mismatch")) -> Match | N27: =_xlfn.XLOOKUP(UPPER(TRIM(SUBSTITUTE(J27,CHAR(160)," "))),Departments!A:A,Departments!C:C,"") -> 6 | O27: =IF(OR(L27="",N27=""),"",IF(L27>N27,"Above Target","Within Target")) -> Above Target
A28: 2027 | B28: 20 | C28: F | D28: Orthopedics | E28: 45352 | F28: 45363 | G28: 11 | H28: No | I28: 29755 | J28: =UPPER((SUBSTITUTE(D28,CHAR(160)," "))) -> ORTHOPEDICS | K28: =UPPER(TRIM(H28)) -> NO | L28: =IF(OR(E28="",F28=""),"",F28-E28) -> 11 | M28: =IF(OR(G28="",L28=""),"",IF(G28=L28,"Match","Mismatch")) -> Match | N28: =_xlfn.XLOOKUP(UPPER(TRIM(SUBSTITUTE(J28,CHAR(160)," "))),Departments!A:A,Departments!C:C,"") -> 6 | O28: =IF(OR(L28="",N28=""),"",IF(L28>N28,"Above Target","Within Target")) -> Above Target
A29: 2028 | B29: 14 | C29: F | D29: Orthopedics | E29: 45316 | G29: 6 | H29: Yes | I29: 14839 | J29: =UPPER((SUBSTITUTE(D29,CHAR(160)," "))) -> ORTHOPEDICS | K29: =UPPER(TRIM(H29)) -> YES | L29: =IF(OR(E29="",F29=""),"",F29-E29) | M29: =IF(OR(G29="",L29=""),"",IF(G29=L29,"Match","Mismatch")) | N29: =_xlfn.XLOOKUP(UPPER(TRIM(SUBSTITUTE(J29,CHAR(160)," "))),Departments!A:A,Departments!C:C,"") -> 6 | O29: =IF(OR(L29="",N29=""),"",IF(L29>N29,"Above Target","Within Target"))
A30: 2029 | B30: 42 | C30: F | D30: Pediatrics | E30: 45327 | F30: 45331 | G30: 4 | H30: No | I30: 11755 | J30: =UPPER((SUBSTITUTE(D30,CHAR(160)," "))) -> PEDIATRICS | K30: =UPPER(TRIM(H30)) -> NO | L30: =IF(OR(E30="",F30=""),"",F30-E30) -> 4 | M30: =IF(OR(G30="",L30=""),"",IF(G30=L30,"Match","Mismatch")) -> Match | N30: =_xlfn.XLOOKUP(UPPER(TRIM(SUBSTITUTE(J30,CHAR(160)," "))),Departments!A:A,Departments!C:C,"") -> 3 | O30: =IF(OR(L30="",N30=""),"",IF(L30>N30,"Above Target","Within Target")) -> Above Target
A31: 2030 | B31: 34 | C31: F | D31: ER | E31: 45309 | F31: 45311 | G31: 2 | H31: Yes | I31: 5957 | J31: =UPPER((SUBSTITUTE(D31,CHAR(160)," "))) -> ER | K31: =UPPER(TRIM(H31)) -> YES | L31: =IF(OR(E31="",F31=""),"",F31-E31) -> 2 | M31: =IF(OR(G31="",L31=""),"",IF(G31=L31,"Match","Mismatch")) -> Match | N31: =_xlfn.XLOOKUP(UPPER(TRIM(SUBSTITUTE(J31,CHAR(160)," "))),Departments!A:A,Departments!C:C,"") -> 2 | O31: =IF(OR(L31="",N31=""),"",IF(L31>N31,"Above Target","Within Target")) -> Within Target
A32: 2031 | B32: 16 | C32: F | D32: Pediatrics | E32: 45374 | F32: 45377 | G32: 3 | H32: No | I32: 8724 | J32: =UPPER((SUBSTITUTE(D32,CHAR(160)," "))) -> PEDIATRICS | K32: =UPPER(TRIM(H32)) -> NO | L32: =IF(OR(E32="",F32=""),"",F32-E32) -> 3 | M32: =IF(OR(G32="",L32=""),"",IF(G32=L32,"Match","Mismatch")) -> Match | N32: =_xlfn.XLOOKUP(UPPER(TRIM(SUBSTITUTE(J32,CHAR(160)," "))),Departments!A:A,Departments!C:C,"") -> 3 | O32: =IF(OR(L32="",N32=""),"",IF(L32>N32,"Above Target","Within Target")) -> Within Target
A33: 2032 | B33: 21 | C33: F | D33: Orthopedics | E33: 45347 | F33: 45357 | G33: 10 | H33: No | I33: 25220 | J33: =UPPER((SUBSTITUTE(D33,CHAR(160)," "))) -> ORTHOPEDICS | K33: =UPPER(TRIM(H33)) -> NO | L33: =IF(OR(E33="",F33=""),"",F33-E33) -> 10 | M33: =IF(OR(G33="",L33=""),"",IF(G33=L33,"Match","Mismatch")) -> Match | N33: =_xlfn.XLOOKUP(UPPER(TRIM(SUBSTITUTE(J33,CHAR(160)," "))),Departments!A:A,Departments!C:C,"") -> 6 | O33: =IF(OR(L33="",N33=""),"",IF(L33>N33,"Above Target","Within Target")) -> Above Target
A34: 2033 | B34: 59 | C34: M | D34: Pediatrics | E34: 45294 | F34: 45298 | G34: 4 | H34: No | I34: 12513 | J34: =UPPER((SUBSTITUTE(D34,CHAR(160)," "))) -> PEDIATRICS | K34: =UPPER(TRIM(H34)) -> NO | L34: =IF(OR(E34="",F34=""),"",F34-E34) -> 4 | M34: =IF(OR(G34="",L34=""),"",IF(G34=L34,"Match","Mismatch")) -> Match | N34: =_xlfn.XLOOKUP(UPPER(TRIM(SUBSTITUTE(J34,CHAR(160)," "))),Departments!A:A,Departments!C:C,"") -> 3 | O34: =IF(OR(L34="",N34=""),"",IF(L34>N34,"Above Target","Within Target")) -> Above Target
A35: 2034 | B35: 14 | C35: F | D35: Neurology | E35: 45326 | F35: 45329 | G35: 3 | H35: No | I35: 12066 | J35: =UPPER((SUBSTITUTE(D35,CHAR(160)," "))) -> NEUROLOGY | K35: =UPPER(TRIM(H35)) -> NO | L35: =IF(OR(E35="",F35=""),"",F35-E35) -> 3 | M35: =IF(OR(G35="",L35=""),"",IF(G35=L35,"Match","Mismatch")) -> Match | N35: =_xlfn.XLOOKUP(UPPER(TRIM(SUBSTITUTE(J35,CHAR(160)," "))),Departments!A:A,Departments!C:C,"") -> 7 | O35: =IF(OR(L35="",N35=""),"",IF(L35>N35,"Above Target","Within Target")) -> Within Target
A36: 2035 | B36: 34 | C36: M | D36: Orthopedics | E36: 45360 | F36: 45370 | G36: 10 | H36: No | I36: 23073 | J36: =UPPER((SUBSTITUTE(D36,CHAR(160)," "))) -> ORTHOPEDICS | K36: =UPPER(TRIM(H36)) -> NO | L36: =IF(OR(E36="",F36=""),"",F36-E36) -> 10 | M36: =IF(OR(G36="",L36=""),"",IF(G36=L36,"Match","Mismatch")) -> Match | N36: =_xlfn.XLOOKUP(UPPER(TRIM(SUBSTITUTE(J36,CHAR(160)," "))),Departments!A:A,Departments!C:C,"") -> 6 | O36: =IF(OR(L36="",N36=""),"",IF(L36>N36,"Above Target","Within Target")) -> Above Target
A37: 2036 | B37: 35 | C37: F | D37: Pediatrics | E37: 45303 | F37: 45306 | H37: Yes | I37: 7401 | J37: =UPPER((SUBSTITUTE(D37,CHAR(160)," "))) -> PEDIATRICS | K37: =UPPER(TRIM(H37)) -> YES | L37: =IF(OR(E37="",F37=""),"",F37-E37) -> 3 | M37: =IF(OR(G37="",L37=""),"",IF(G37=L37,"Match","Mismatch")) | N37: =_xlfn.XLOOKUP(UPPER(TRIM(SUBSTITUTE(J37,CHAR(160)," "))),Departments!A:A,Departments!C:C,"") -> 3 | O37: =IF(OR(L37="",N37=""),"",IF(L37>N37,"Above Target","Within Target")) -> Within Target
A38: 2037 | B38: 54 | C38: M | D38: Oncology | E38: 45308 | F38: 45310 | G38: 2 | H38: No | I38: 13397 | J38: =UPPER((SUBSTITUTE(D38,CHAR(160)," "))) -> ONCOLOGY | K38: =UPPER(TRIM(H38)) -> NO | L38: =IF(OR(E38="",F38=""),"",F38-E38) -> 2 | M38: =IF(OR(G38="",L38=""),"",IF(G38=L38,"Match","Mismatch")) -> Match | N38: =_xlfn.XLOOKUP(UPPER(TRIM(SUBSTITUTE(J38,CHAR(160)," "))),Departments!A:A,Departments!C:C,"") -> 6 | O38: =IF(OR(L38="",N38=""),"",IF(L38>N38,"Above Target","Within Target")) -> Within Target
A39: 2038 | B39: 40 | C39: M | D39: oncology | E39: 45318 | G39: 6 | H39: No | I39: 16838 | J39: =UPPER((SUBSTITUTE(D39,CHAR(160)," "))) -> ONCOLOGY | K39: =UPPER(TRIM(H39)) -> NO | L39: =IF(OR(E39="",F39=""),"",F39-E39) | M39: =IF(OR(G39="",L39=""),"",IF(G39=L39,"Match","Mismatch")) | N39: =_xlfn.XLOOKUP(UPPER(TRIM(SUBSTITUTE(J39,CHAR(160)," "))),Departments!A:A,Departments!C:C,"") -> 6 | O39: =IF(OR(L39="",N39=""),"",IF(L39>N39,"Above Target","Within Target"))
A40: 2039 | B40: 65 | C40: F | D40: Oncology | E40: 45352 | F40: 45357 | G40: 5 | H40: No | I40: 15633 | J40: =UPPER((SUBSTITUTE(D40,CHAR(160)," "))) -> ONCOLOGY | K40: =UPPER(TRIM(H40)) -> NO | L40: =IF(OR(E40="",F40=""),"",F40-E40) -> 5 | M40: =IF(OR(G40="",L40=""),"",IF(G40=L40,"Match","Mismatch")) -> Match | N40: =_xlfn.XLOOKUP(UPPER(TRIM(SUBSTITUTE(J40,CHAR(160)," "))),Departments!A:A,Departments!C:C,"") -> 6 | O40: =IF(OR(L40="",N40=""),"",IF(L40>N40,"Above Target","Within Target")) -> Within Target
A41: 2040 | B41: 51 | C41: M | D41: pediatrics | E41: 45319 | F41: 45321 | G41: 2 | H41: No | I41: 6400 | J41: =UPPER((SUBSTITUTE(D41,CHAR(160)," "))) -> PEDIATRICS | K41: =UPPER(TRIM(H41)) -> NO | L41: =IF(OR(E41="",F41=""),"",F41-E41) -> 2 | M41: =IF(OR(G41="",L41=""),"",IF(G41=L41,"Match","Mismatch")) -> Match | N41: =_xlfn.XLOOKUP(UPPER(TRIM(SUBSTITUTE(J41,CHAR(160)," "))),Departments!A:A,Departments!C:C,"") -> 3 | O41: =IF(OR(L41="",N41=""),"",IF(L41>N41,"Above Target","Within Target")) -> Within Target
A42: 2041 | B42: 81 | C42: M | D42: ER | E42: 45312 | F42: 45313 | G42: 1 | H42: Yes | I42: 5162 | J42: =UPPER((SUBSTITUTE(D42,CHAR(160)," "))) -> ER | K42: =UPPER(TRIM(H42)) -> YES | L42: =IF(OR(E42="",F42=""),"",F42-E42) -> 1 | M42: =IF(OR(G42="",L42=""),"",IF(G42=L42,"Match","Mismatch")) -> Match | N42: =_xlfn.XLOOKUP(UPPER(TRIM(SUBSTITUTE(J42,CHAR(160)," "))),Departments!A:A,Departments!C:C,"") -> 2 | O42: =IF(OR(L42="",N42=""),"",IF(L42>N42,"Above Target","Within Target")) -> Within Target
A43: 2042 | B43: 6 | C43: M | D43: Orthopedics | E43: 45312 | F43: 45318 | G43: 6 | H43: No | I43: 16579 | J43: =UPPER((SUBSTITUTE(D43,CHAR(160)," "))) -> ORTHOPEDICS | K43: =UPPER(TRIM(H43)) -> NO | L43: =IF(OR(E43="",F43=""),"",F43-E43) -> 6 | M43: =IF(OR(G43="",L43=""),"",IF(G43=L43,"Match","Mismatch")) -> Match | N43: =_xlfn.XLOOKUP(UPPER(TRIM(SUBSTITUTE(J43,CHAR(160)," "))),Departments!A:A,Departments!C:C,"") -> 6 | O43: =IF(OR(L43="",N43=""),"",IF(L43>N43,"Above Target","Within Target")) -> Within Target
A44: 2043 | B44: 40 | C44: F | D44: Neurology | E44: 45315 | F44: 45318 | G44: 3 | H44: No | I44: 11885 | J44: =UPPER((SUBSTITUTE(D44,CHAR(160)," "))) -> NEUROLOGY | K44: =UPPER(TRIM(H44)) -> NO | L44: =IF(OR(E44="",F44=""),"",F44-E44) -> 3 | M44: =IF(OR(G44="",L44=""),"",IF(G44=L44,"Match","Mismatch")) -> Match | N44: =_xlfn.XLOOKUP(UPPER(TRIM(SUBSTITUTE(J44,CHAR(160)," "))),Departments!A:A,Departments!C:C,"") -> 7 | O44: =IF(OR(L44="",N44=""),"",IF(L44>N44,"Above Target","Within Target")) -> Within Target
A45: 2044 | B45: 12 | C45: M | D45: Cardiology | E45: 45310 | F45: 45318 | G45: 8 | H45: No | I45: 21894 | J45: =UPPER((SUBSTITUTE(D45,CHAR(160)," "))) -> CARDIOLOGY | K45: =UPPER(TRIM(H45)) -> NO | L45: =IF(OR(E45="",F45=""),"",F45-E45) -> 8 | M45: =IF(OR(G45="",L45=""),"",IF(G45=L45,"Match","Mismatch")) -> Match | N45: =_xlfn.XLOOKUP(UPPER(TRIM(SUBSTITUTE(J45,CHAR(160)," "))),Departments!A:A,Departments!C:C,"") -> 5 | O45: =IF(OR(L45="",N45=""),"",IF(L45>N45,"Above Target","Within Target")) -> Above Target
A46: 2045 | B46: 20 | C46: M | D46: Neurology | E46: 45355 | F46: 45360 | G46: 5 | H46: No | I46: 19852 | J46: =UPPER((SUBSTITUTE(D46,CHAR(160)," "))) -> NEUROLOGY | K46: =UPPER(TRIM(H46)) -> NO | L46: =IF(OR(E46="",F46=""),"",F46-E46) -> 5 | M46: =IF(OR(G46="",L46=""),"",IF(G46=L46,"Match","Mismatch")) -> Match | N46: =_xlfn.XLOOKUP(UPPER(TRIM(SUBSTITUTE(J46,CHAR(160)," "))),Departments!A:A,Departments!C:C,"") -> 7 | O46: =IF(OR(L46="",N46=""),"",IF(L46>N46,"Above Target","Within Target")) -> Within Target
A47: 2046 | B47: 55 | C47: F | D47: Oncology | E47: 45356 | F47: 45367 | G47: 11 | H47: No | I47: 20644 | J47: =UPPER((SUBSTITUTE(D47,CHAR(160)," "))) -> ONCOLOGY | K47: =UPPER(TRIM(H47)) -> NO | L47: =IF(OR(E47="",F47=""),"",F47-E47) -> 11 | M47: =IF(OR(G47="",L47=""),"",IF(G47=L47,"Match","Mismatch")) -> Match | N47: =_xlfn.XLOOKUP(UPPER(TRIM(SUBSTITUTE(J47,CHAR(160)," "))),Departments!A:A,Departments!C:C,"") -> 6 | O47: =IF(OR(L47="",N47=""),"",IF(L47>N47,"Above Target","Within Target")) -> Above Target
A48: 2047 | B48: 83 | C48: F | D48: Cardiology | E48: 45295 | F48: 45297 | G48: 2 | H48: Yes | I48: 13441 | J48: =UPPER((SUBSTITUTE(D48,CHAR(160)," "))) -> CARDIOLOGY | K48: =UPPER(TRIM(H48)) -> YES | L48: =IF(OR(E48="",F48=""),"",F48-E48) -> 2 | M48: =IF(OR(G48="",L48=""),"",IF(G48=L48,"Match","Mismatch")) -> Match | N48: =_xlfn.XLOOKUP(UPPER(TRIM(SUBSTITUTE(J48,CHAR(160)," "))),Departments!A:A,Departments!C:C,"") -> 5 | O48: =IF(OR(L48="",N48=""),"",IF(L48>N48,"Above Target","Within Target")) -> Within Target
A49: 2048 | B49: 81 | C49: F | D49: ER | E49: 45325 | F49: 45326 | G49: 1 | H49: No | I49: 4275 | J49: =UPPER((SUBSTITUTE(D49,CHAR(160)," "))) -> ER | K49: =UPPER(TRIM(H49)) -> NO | L49: =IF(OR(E49="",F49=""),"",F49-E49) -> 1 | M49: =IF(OR(G49="",L49=""),"",IF(G49=L49,"Match","Mismatch")) -> Match | N49: =_xlfn.XLOOKUP(UPPER(TRIM(SUBSTITUTE(J49,CHAR(160)," "))),Departments!A:A,Departments!C:C,"") -> 2 | O49: =IF(OR(L49="",N49=""),"",IF(L49>N49,"Above Target","Within Target")) -> Within Target
A50: 2049 | B50: 61 | C50: M | D50: Cardiology | E50: 45325 | F50: 45330 | G50: 5 | H50: No | I50: 15272 | J50: =UPPER((SUBSTITUTE(D50,CHAR(160)," "))) -> CARDIOLOGY | K50: =UPPER(TRIM(H50)) -> NO | L50: =IF(OR(E50="",F50=""),"",F50-E50) -> 5 | M50: =IF(OR(G50="",L50=""),"",IF(G50=L50,"Match","Mismatch")) -> Match | N50: =_xlfn.XLOOKUP(UPPER(TRIM(SUBSTITUTE(J50,CHAR(160)," "))),Departments!A:A,Departments!C:C,"") -> 5 | O50: =IF(OR(L50="",N50=""),"",IF(L50>N50,"Above Target","Within Target")) -> Within Target
A51: 2050 | B51: 62 | C51: M | D51: Cardiology | E51: 45370 | F51: 45375 | G51: 5 | H51: Yes | I51: 14884 | J51: =UPPER((SUBSTITUTE(D51,CHAR(160)," "))) -> CARDIOLOGY | K51: =UPPER(TRIM(H51)) -> YES | L51: =IF(OR(E51="",F51=""),"",F51-E51) -> 5 | M51: =IF(OR(G51="",L51=""),"",IF(G51=L51,"Match","Mismatch")) -> Match | N51: =_xlfn.XLOOKUP(UPPER(TRIM(SUBSTITUTE(J51,CHAR(160)," "))),Departments!A:A,Departments!C:C,"") -> 5 | O51: =IF(OR(L51="",N51=""),"",IF(L51>N51,"Above Target","Within Target")) -> Within Target
... A54: 2053 | B54: 58 | C54: M | D54: ER | E54: 45318 | F54: 45319 | G54: 1 | H54: Yes | I54: 3074 | J54: =UPPER((SUBSTITUTE(D54,CHAR(160)," "))) -> ER | K54: =UPPER(TRIM(H54)) -> YES | L54: =IF(OR(E54="",F54=""),"",F54-E54) -> 1 | M54: =IF(OR(G54="",L54=""),"",IF(G54=L54,"Match","Mismatch")) -> Match | N54: =_xlfn.XLOOKUP(UPPER(TRIM(SUBSTITUTE(J54,CHAR(160)," "))),Departments!A:A,Departments!C:C,"") -> 2 | O54: =IF(OR(L54="",N54=""),"",IF(L54>N54,"Above Target","Within Target")) -> Within Target
A55: 2054 | B55: 81 | C55: M | D55: Cardiology | E55: 45338 | G55: 5 | H55: No | J55: =UPPER((SUBSTITUTE(D55,CHAR(160)," "))) -> CARDIOLOGY | K55: =UPPER(TRIM(H55)) -> NO | L55: =IF(OR(E55="",F55=""),"",F55-E55) | M55: =IF(OR(G55="",L55=""),"",IF(G55=L55,"Match","Mismatch")) | N55: =_xlfn.XLOOKUP(UPPER(TRIM(SUBSTITUTE(J55,CHAR(160)," "))),Departments!A:A,Departments!C:C,"") -> 5 | O55: =IF(OR(L55="",N55=""),"",IF(L55>N55,"Above Target","Within Target"))
A56: 2055 | B56: 39 | C56: F | D56: ER | E56: 45336 | F56: 45338 | G56: 2 | H56: No | I56: 4859 | J56: =UPPER((SUBSTITUTE(D56,CHAR(160)," "))) -> ER | K56: =UPPER(TRIM(H56)) -> NO | L56: =IF(OR(E56="",F56=""),"",F56-E56) -> 2 | M56: =IF(OR(G56="",L56=""),"",IF(G56=L56,"Match","Mismatch")) -> Match | N56: =_xlfn.XLOOKUP(UPPER(TRIM(SUBSTITUTE(J56,CHAR(160)," "))),Departments!A:A,Departments!C:C,"") -> 2 | O56: =IF(OR(L56="",N56=""),"",IF(L56>N56,"Above Target","Within Target")) -> Within Target
A57: 2056 | B57: 26 | C57: F | D57: Pediatrics | E57: 45329 | F57: 45332 | G57: 3 | H57: No | I57: 9111 | J57: =UPPER((SUBSTITUTE(D57,CHAR(160)," "))) -> PEDIATRICS | K57: =UPPER(TRIM(H57)) -> NO | L57: =IF(OR(E57="",F57=""),"",F57-E57) -> 3 | M57: =IF(OR(G57="",L57=""),"",IF(G57=L57,"Match","Mismatch")) -> Match | N57: =_xlfn.XLOOKUP(UPPER(TRIM(SUBSTITUTE(J57,CHAR(160)," "))),Departments!A:A,Departments!C:C,"") -> 3 | O57: =IF(OR(L57="",N57=""),"",IF(L57>N57,"Above Target","Within Target")) -> Within Target
A58: 2057 | B58: 36 | C58: F | D58: Neurology | E58: 45305 | F58: 45308 | G58: 3 | H58: No | I58: 13452 | J58: =UPPER((SUBSTITUTE(D58,CHAR(160)," "))) -> NEUROLOGY | K58: =UPPER(TRIM(H58)) -> NO | L58: =IF(OR(E58="",F58=""),"",F58-E58) -> 3 | M58: =IF(OR(G58="",L58=""),"",IF(G58=L58,"Match","Mismatch")) -> Match | N58: =_xlfn.XLOOKUP(UPPER(TRIM(SUBSTITUTE(J58,CHAR(160)," "))),Departments!A:A,Departments!C:C,"") -> 7 | O58: =IF(OR(L58="",N58=""),"",IF(L58>N58,"Above Target","Within Target")) -> Within Target
A59: 2058 | B59: 25 | C59: M | D59: ER | E59: 45295 | F59: 45298 | G59: 3 | H59: No | I59: 8926 | J59: =UPPER((SUBSTITUTE(D59,CHAR(160)," "))) -> ER | K59: =UPPER(TRIM(H59)) -> NO | L59: =IF(OR(E59="",F59=""),"",F59-E59) -> 3 | M59: =IF(OR(G59="",L59=""),"",IF(G59=L59,"Match","Mismatch")) -> Match | N59: =_xlfn.XLOOKUP(UPPER(TRIM(SUBSTITUTE(J59,CHAR(160)," "))),Departments!A:A,Departments!C:C,"") -> 2 | O59: =IF(OR(L59="",N59=""),"",IF(L59>N59,"Above Target","Within Target")) -> Above Target
A60: 2059 | B60: 79 | C60: F | D60: Pediatrics | E60: 45328 | F60: 45332 | G60: 4 | H60: Yes | I60: 11564 | J60: =UPPER((SUBSTITUTE(D60,CHAR(160)," "))) -> PEDIATRICS | K60: =UPPER(TRIM(H60)) -> YES | L60: =IF(OR(E60="",F60=""),"",F60-E60) -> 4 | M60: =IF(OR(G60="",L60=""),"",IF(G60=L60,"Match","Mismatch")) -> Match | N60: =_xlfn.XLOOKUP(UPPER(TRIM(SUBSTITUTE(J60,CHAR(160)," "))),Departments!A:A,Departments!C:C,"") -> 3 | O60: =IF(OR(L60="",N60=""),"",IF(L60>N60,"Above Target","Within Target")) -> Above Target
A61: 2060 | B61: 84 | C61: M | D61: ER | E61: 45375 | F61: 45376 | G61: 1 | H61: No | I61: 5110 | J61: =UPPER((SUBSTITUTE(D61,CHAR(160)," "))) -> ER | K61: =UPPER(TRIM(H61)) -> NO | L61: =IF(OR(E61="",F61=""),"",F61-E61) -> 1 | M61: =IF(OR(G61="",L61=""),"",IF(G61=L61,"Match","Mismatch")) -> Match | N61: =_xlfn.XLOOKUP(UPPER(TRIM(SUBSTITUTE(J61,CHAR(160)," "))),Departments!A:A,Departments!C:C,"") -> 2 | O61: =IF(OR(L61="",N61=""),"",IF(L61>N61,"Above Target","Within Target")) -> Within Target
A62: 2061 | B62: 64 | C62: F | D62: ER | E62: 45334 | F62: 45336 | G62: 2 | H62: No | I62: 6136 | J62: =UPPER((SUBSTITUTE(D62,CHAR(160)," "))) -> ER | K62: =UPPER(TRIM(H62)) -> NO | L62: =IF(OR(E62="",F62=""),"",F62-E62) -> 2 | M62: =IF(OR(G62="",L62=""),"",IF(G62=L62,"Match","Mismatch")) -> Match | N62: =_xlfn.XLOOKUP(UPPER(TRIM(SUBSTITUTE(J62,CHAR(160)," "))),Departments!A:A,Departments!C:C,"") -> 2 | O62: =IF(OR(L62="",N62=""),"",IF(L62>N62,"Above Target","Within Target")) -> Within Target
A63: 2062 | B63: 48 | C63: M | D63: Oncology | E63: 45317 | F63: 45319 | G63: 2 | H63: No | I63: 12974 | J63: =UPPER((SUBSTITUTE(D63,CHAR(160)," "))) -> ONCOLOGY | K63: =UPPER(TRIM(H63)) -> NO | L63: =IF(OR(E63="",F63=""),"",F63-E63) -> 2 | M63: =IF(OR(G63="",L63=""),"",IF(G63=L63,"Match","Mismatch")) -> Match | N63: =_xlfn.XLOOKUP(UPPER(TRIM(SUBSTITUTE(J63,CHAR(160)," "))),Departments!A:A,Departments!C:C,"") -> 6 | O63: =IF(OR(L63="",N63=""),"",IF(L63>N63,"Above Target","Within Target")) -> Within Target
A64: 2063 | B64: 8 | C64: M | D64: Neurology | E64: 45365 | F64: 45373 | G64: 8 | H64: Yes | I64: 24223 | J64: =UPPER((SUBSTITUTE(D64,CHAR(160)," "))) -> NEUROLOGY | K64: =UPPER(TRIM(H64)) -> YES | L64: =IF(OR(E64="",F64=""),"",F64-E64) -> 8 | M64: =IF(OR(G64="",L64=""),"",IF(G64=L64,"Match","Mismatch")) -> Match | N64: =_xlfn.XLOOKUP(UPPER(TRIM(SUBSTITUTE(J64,CHAR(160)," "))),Departments!A:A,Departments!C:C,"") -> 7 | O64: =IF(OR(L64="",N64=""),"",IF(L64>N64,"Above Target","Within Target")) -> Above Target
A65: 2064 | B65: 32 | C65: M | D65: ER | E65: 45374 | F65: 45376 | G65: 2 | H65: No | I65: 6516 | J65: =UPPER((SUBSTITUTE(D65,CHAR(160)," "))) -> ER | K65: =UPPER(TRIM(H65)) -> NO | L65: =IF(OR(E65="",F65=""),"",F65-E65) -> 2 | M65: =IF(OR(G65="",L65=""),"",IF(G65=L65,"Match","Mismatch")) -> Match | N65: =_xlfn.XLOOKUP(UPPER(TRIM(SUBSTITUTE(J65,CHAR(160)," "))),Departments!A:A,Departments!C:C,"") -> 2 | O65: =IF(OR(L65="",N65=""),"",IF(L65>N65,"Above Target","Within Target")) -> Within Target
A66: 2065 | B66: 61 | C66: M | D66: Cardiology | E66: 45301 | F66: 45309 | G66: 8 | H66: No | I66: 25799 | J66: =UPPER((SUBSTITUTE(D66,CHAR(160)," "))) -> CARDIOLOGY | K66: =UPPER(TRIM(H66)) -> NO | L66: =IF(OR(E66="",F66=""),"",F66-E66) -> 8 | M66: =IF(OR(G66="",L66=""),"",IF(G66=L66,"Match","Mismatch")) -> Match | N66: =_xlfn.XLOOKUP(UPPER(TRIM(SUBSTITUTE(J66,CHAR(160)," "))),Departments!A:A,Departments!C:C,"") -> 5 | O66: =IF(OR(L66="",N66=""),"",IF(L66>N66,"Above Target","Within Target")) -> Above Target
A67: 2066 | B67: 20 | C67: F | D67: Pediatrics | E67: 45381 | F67: 45385 | G67: 4 | H67: Yes | I67: 7122 | J67: =UPPER((SUBSTITUTE(D67,CHAR(160)," "))) -> PEDIATRICS | K67: =UPPER(TRIM(H67)) -> YES | L67: =IF(OR(E67="",F67=""),"",F67-E67) -> 4 | M67: =IF(OR(G67="",L67=""),"",IF(G67=L67,"Match","Mismatch")) -> Match | N67: =_xlfn.XLOOKUP(UPPER(TRIM(SUBSTITUTE(J67,CHAR(160)," "))),Departments!A:A,Departments!C:C,"") -> 3 | O67: =IF(OR(L67="",N67=""),"",IF(L67>N67,"Above Target","Within Target")) -> Above Target
... A106: 2105 | B106: 69 | C106: M | D106: Pediatrics | E106: 45339 | F106: 45342 | G106: 3 | H106: No | I106: 9347 | J106: =UPPER((SUBSTITUTE(D106,CHAR(160)," "))) -> PEDIATRICS | K106: =UPPER(TRIM(H106)) -> NO | L106: =IF(OR(E106="",F106=""),"",F106-E106) -> 3 | M106: =IF(OR(G106="",L106=""),"",IF(G106=L106,"Match","Mismatch")) -> Match | N106: =_xlfn.XLOOKUP(UPPER(TRIM(SUBSTITUTE(J106,CHAR(160)," "))),Departments!A:A,Departments!C:C,"") -> 3 | O106: =IF(OR(L106="",N106=""),"",IF(L106>N106,"Above Target","Within Target")) -> Within Target
A107: 2106 | B107: 79 | C107: F | D107: neurology | E107: 45358 | F107: 45365 | H107: No | I107: 24294 | J107: =UPPER((SUBSTITUTE(D107,CHAR(160)," "))) -> NEUROLOGY | K107: =UPPER(TRIM(H107)) -> NO | L107: =IF(OR(E107="",F107=""),"",F107-E107) -> 7 | M107: =IF(OR(G107="",L107=""),"",IF(G107=L107,"Match","Mismatch")) | N107: =_xlfn.XLOOKUP(UPPER(TRIM(SUBSTITUTE(J107,CHAR(160)," "))),Departments!A:A,Departments!C:C,"") -> 7 | O107: =IF(OR(L107="",N107=""),"",IF(L107>N107,"Above Target","Within Target")) -> Within Target
A108: 2107 | B108: 20 | C108: M | D108: Oncology | E108: 45372 | F108: 45380 | G108: 8 | H108: No | I108: 23694 | J108: =UPPER((SUBSTITUTE(D108,CHAR(160)," "))) -> ONCOLOGY | K108: =UPPER(TRIM(H108)) -> NO | L108: =IF(OR(E108="",F108=""),"",F108-E108) -> 8 | M108: =IF(OR(G108="",L108=""),"",IF(G108=L108,"Match","Mismatch")) -> Match | N108: =_xlfn.XLOOKUP(UPPER(TRIM(SUBSTITUTE(J108,CHAR(160)," "))),Departments!A:A,Departments!C:C,"") -> 6 | O108: =IF(OR(L108="",N108=""),"",IF(L108>N108,"Above Target","Within Target")) -> Above Target
A109: 2108 | B109: 7 | C109: F | D109: Oncology | E109: 45337 | F109: 45343 | G109: 6 | H109: Yes | I109: 19579 | J109: =UPPER((SUBSTITUTE(D109,CHAR(160)," "))) -> ONCOLOGY | K109: =UPPER(TRIM(H109)) -> YES | L109: =IF(OR(E109="",F109=""),"",F109-E109) -> 6 | M109: =IF(OR(G109="",L109=""),"",IF(G109=L109,"Match","Mismatch")) -> Match | N109: =_xlfn.XLOOKUP(UPPER(TRIM(SUBSTITUTE(J109,CHAR(160)," "))),Departments!A:A,Departments!C:C,"") -> 6 | O109: =IF(OR(L109="",N109=""),"",IF(L109>N109,"Above Target","Within Target")) -> Within Target
A110: 2109 | B110: 80 | C110: M | D110: Orthopedics | E110: 45309 | F110: 45311 | G110: 2 | H110: No | I110: 11444 | J110: =UPPER((SUBSTITUTE(D110,CHAR(160)," "))) -> ORTHOPEDICS | K110: =UPPER(TRIM(H110)) -> NO | L110: =IF(OR(E110="",F110=""),"",F110-E110) -> 2 | M110: =IF(OR(G110="",L110=""),"",IF(G110=L110,"Match","Mismatch")) -> Match | N110: =_xlfn.XLOOKUP(UPPER(TRIM(SUBSTITUTE(J110,CHAR(160)," "))),Departments!A:A,Departments!C:C,"") -> 6 | O110: =IF(OR(L110="",N110=""),"",IF(L110>N110,"Above Target","Within Target")) -> Within Target
A111: 2110 | B111: 35 | C111: M | D111: Neurology | E111: 45293 | F111: 45296 | G111: 3 | H111: No | I111: 15681 | J111: =UPPER((SUBSTITUTE(D111,CHAR(160)," "))) -> NEUROLOGY | K111: =UPPER(TRIM(H111)) -> NO | L111: =IF(OR(E111="",F111=""),"",F111-E111) -> 3 | M111: =IF(OR(G111="",L111=""),"",IF(G111=L111,"Match","Mismatch")) -> Match | N111: =_xlfn.XLOOKUP(UPPER(TRIM(SUBSTITUTE(J111,CHAR(160)," "))),Departments!A:A,Departments!C:C,"") -> 7 | O111: =IF(OR(L111="",N111=""),"",IF(L111>N111,"Above Target","Within Target")) -> Within Target
A112: 2111 | B112: 64 | C112: F | D112: ORTHOPEDICS | E112: 45292 | F112: 45294 | G112: 2 | H112: Yes | I112: 9933 | J112: =UPPER((SUBSTITUTE(D112,CHAR(160)," "))) -> ORTHOPEDICS | K112: =UPPER(TRIM(H112)) -> YES | L112: =IF(OR(E112="",F112=""),"",F112-E112) -> 2 | M112: =IF(OR(G112="",L112=""),"",IF(G112=L112,"Match","Mismatch")) -> Match | N112: =_xlfn.XLOOKUP(UPPER(TRIM(SUBSTITUTE(J112,CHAR(160)," "))),Departments!A:A,Departments!C:C,"") -> 6 | O112: =IF(OR(L112="",N112=""),"",IF(L112>N112,"Above Target","Within Target")) -> Within Target
A113: 2112 | B113: 79 | C113: F | D113: Orthopedics | E113: 45344 | F113: 45349 | G113: 5 | H113: No | I113: 18216 | J113: =UPPER((SUBSTITUTE(D113,CHAR(160)," "))) -> ORTHOPEDICS | K113: =UPPER(TRIM(H113)) -> NO | L113: =IF(OR(E113="",F113=""),"",F113-E113) -> 5 | M113: =IF(OR(G113="",L113=""),"",IF(G113=L113,"Match","Mismatch")) -> Match | N113: =_xlfn.XLOOKUP(UPPER(TRIM(SUBSTITUTE(J113,CHAR(160)," "))),Departments!A:A,Departments!C:C,"") -> 6 | O113: =IF(OR(L113="",N113=""),"",IF(L113>N113,"Above Target","Within Target")) -> Within Target
A114: 2113 | B114: 39 | C114: F | D114: Pediatrics | E114: 45353 | F114: 45358 | G114: 5 | H114: Yes | I114: 13696 | J114: =UPPER((SUBSTITUTE(D114,CHAR(160)," "))) -> PEDIATRICS | K114: =UPPER(TRIM(H114)) -> YES | L114: =IF(OR(E114="",F114=""),"",F114-E114) -> 5 | M114: =IF(OR(G114="",L114=""),"",IF(G114=L114,"Match","Mismatch")) -> Match | N114: =_xlfn.XLOOKUP(UPPER(TRIM(SUBSTITUTE(J114,CHAR(160)," "))),Departments!A:A,Departments!C:C,"") -> 3 | O114: =IF(OR(L114="",N114=""),"",IF(L114>N114,"Above Target","Within Target")) -> Above Target
A115: 2114 | B115: 14 | C115: M | D115: Orthopedics | E115: 45374 | F115: 45376 | G115: 2 | H115: No | I115: 11535 | J115: =UPPER((SUBSTITUTE(D115,CHAR(160)," "))) -> ORTHOPEDICS | K115: =UPPER(TRIM(H115)) -> NO | L115: =IF(OR(E115="",F115=""),"",F115-E115) -> 2 | M115: =IF(OR(G115="",L115=""),"",IF(G115=L115,"Match","Mismatch")) -> Match | N115: =_xlfn.XLOOKUP(UPPER(TRIM(SUBSTITUTE(J115,CHAR(160)," "))),Departments!A:A,Departments!C:C,"") -> 6 | O115: =IF(OR(L115="",N115=""),"",IF(L115>N115,"Above Target","Within Target")) -> Within Target
A116: 2115 | B116: 67 | C116: M | D116: Neurology | E116: 45374 | F116: 45380 | G116: 6 | H116: Yes | I116: 19365 | J116: =UPPER((SUBSTITUTE(D116,CHAR(160)," "))) -> NEUROLOGY | K116: =UPPER(TRIM(H116)) -> YES | L116: =IF(OR(E116="",F116=""),"",F116-E116) -> 6 | M116: =IF(OR(G116="",L116=""),"",IF(G116=L116,"Match","Mismatch")) -> Match | N116: =_xlfn.XLOOKUP(UPPER(TRIM(SUBSTITUTE(J116,CHAR(160)," "))),Departments!A:A,Departments!C:C,"") -> 7 | O116: =IF(OR(L116="",N116=""),"",IF(L116>N116,"Above Target","Within Target")) -> Within Target
A117: 2116 | B117: 21 | C117: M | D117: Orthopedics | E117: 45341 | F117: 45348 | G117: 7 | H117: No | I117: 20797 | J117: =UPPER((SUBSTITUTE(D117,CHAR(160)," "))) -> ORTHOPEDICS | K117: =UPPER(TRIM(H117)) -> NO | L117: =IF(OR(E117="",F117=""),"",F117-E117) -> 7 | M117: =IF(OR(G117="",L117=""),"",IF(G117=L117,"Match","Mismatch")) -> Match | N117: =_xlfn.XLOOKUP(UPPER(TRIM(SUBSTITUTE(J117,CHAR(160)," "))),Departments!A:A,Departments!C:C,"") -> 6 | O117: =IF(OR(L117="",N117=""),"",IF(L117>N117,"Above Target","Within Target")) -> Above Target
A118: 2117 | B118: 69 | C118: M | D118: ER | E118: 45359 | F118: 45362 | G118: 3 | H118: Yes | I118: 5457 | J118: =UPPER((SUBSTITUTE(D118,CHAR(160)," "))) -> ER | K118: =UPPER(TRIM(H118)) -> YES | L118: =IF(OR(E118="",F118=""),"",F118-E118) -> 3 | M118: =IF(OR(G118="",L118=""),"",IF(G118=L118,"Match","Mismatch")) -> Match | N118: =_xlfn.XLOOKUP(UPPER(TRIM(SUBSTITUTE(J118,CHAR(160)," "))),Departments!A:A,Departments!C:C,"") -> 2 | O118: =IF(OR(L118="",N118=""),"",IF(L118>N118,"Above Target","Within Target")) -> Above Target
A119: 2118 | B119: 51 | C119: F | D119: Oncology | E119: 45313 | F119: 45317 | G119: 4 | H119: Yes | I119: 13434 | J119: =UPPER((SUBSTITUTE(D119,CHAR(160)," "))) -> ONCOLOGY | K119: =UPPER(TRIM(H119)) -> YES | L119: =IF(OR(E119="",F119=""),"",F119-E119) -> 4 | M119: =IF(OR(G119="",L119=""),"",IF(G119=L119,"Match","Mismatch")) -> Match | N119: =_xlfn.XLOOKUP(UPPER(TRIM(SUBSTITUTE(J119,CHAR(160)," "))),Departments!A:A,Departments!C:C,"") -> 6 | O119: =IF(OR(L119="",N119=""),"",IF(L119>N119,"Above Target","Within Target")) -> Within Target
A120: 2119 | B120: 4 | C120: F | D120: Orthopedics | E120: 45380 | F120: 45392 | G120: 12 | H120: No | I120: 21164 | J120: =UPPER((SUBSTITUTE(D120,CHAR(160)," "))) -> ORTHOPEDICS | K120: =UPPER(TRIM(H120)) -> NO | L120: =IF(OR(E120="",F120=""),"",F120-E120) -> 12 | M120: =IF(OR(G120="",L120=""),"",IF(G120=L120,"Match","Mismatch")) -> Match | N120: =_xlfn.XLOOKUP(UPPER(TRIM(SUBSTITUTE(J120,CHAR(160)," "))),Departments!A:A,Departments!C:C,"") -> 6 | O120: =IF(OR(L120="",N120=""),"",IF(L120>N120,"Above Target","Within Target")) -> Above Target
A121: 2120 | B121: 69 | C121: F | D121: Pediatrics | E121: 45341 | F121: 45342 | G121: 1 | H121: No | J121: =UPPER((SUBSTITUTE(D121,CHAR(160)," "))) -> PEDIATRICS | K121: =UPPER(TRIM(H121)) -> NO | L121: =IF(OR(E121="",F121=""),"",F121-E121) -> 1 | M121: =IF(OR(G121="",L121=""),"",IF(G121=L121,"Match","Mismatch")) -> Match | N121: =_xlfn.XLOOKUP(UPPER(TRIM(SUBSTITUTE(J121,CHAR(160)," "))),Departments!A:A,Departments!C:C,"") -> 3 | O121: =IF(OR(L121="",N121=""),"",IF(L121>N121,"Above Target","Within Target")) -> Within Target
A122: 2121 | B122: 12 | C122: M | D122: ER | E122: 45304 | F122: 45305 | H122: Yes | I122: 3622 | J122: =UPPER((SUBSTITUTE(D122,CHAR(160)," "))) -> ER | K122: =UPPER(TRIM(H122)) -> YES | L122: =IF(OR(E122="",F122=""),"",F122-E122) -> 1 | M122: =IF(OR(G122="",L122=""),"",IF(G122=L122,"Match","Mismatch")) | N122: =_xlfn.XLOOKUP(UPPER(TRIM(SUBSTITUTE(J122,CHAR(160)," "))),Departments!A:A,Departments!C:C,"") -> 2 | O122: =IF(OR(L122="",N122=""),"",IF(L122>N122,"Above Target","Within Target")) -> Within Target
A123: 2122 | B123: 37 | C123: F | D123: Pediatrics | E123: 45339 | F123: 45342 | G123: 3 | H123: No | I123: 10627 | J123: =UPPER((SUBSTITUTE(D123,CHAR(160)," "))) -> PEDIATRICS | K123: =UPPER(TRIM(H123)) -> NO | L123: =IF(OR(E123="",F123=""),"",F123-E123) -> 3 | M123: =IF(OR(G123="",L123=""),"",IF(G123=L123,"Match","Mismatch")) -> Match | N123: =_xlfn.XLOOKUP(UPPER(TRIM(SUBSTITUTE(J123,CHAR(160)," "))),Departments!A:A,Departments!C:C,"") -> 3 | O123: =IF(OR(L123="",N123=""),"",IF(L123>N123,"Above Target","Within Target")) -> Within Target
A124: 2123 | B124: 4 | C124: M | D124: Oncology | E124: 45304 | F124: 45311 | G124: 7 | H124: No | I124: 16787 | J124: =UPPER((SUBSTITUTE(D124,CHAR(160)," "))) -> ONCOLOGY | K124: =UPPER(TRIM(H124)) -> NO | L124: =IF(OR(E124="",F124=""),"",F124-E124) -> 7 | M124: =IF(OR(G124="",L124=""),"",IF(G124=L124,"Match","Mismatch")) -> Match | N124: =_xlfn.XLOOKUP(UPPER(TRIM(SUBSTITUTE(J124,CHAR(160)," "))),Departments!A:A,Departments!C:C,"") -> 6 | O124: =IF(OR(L124="",N124=""),"",IF(L124>N124,"Above Target","Within Target")) -> Above Target
A125: 2124 | B125: 37 | C125: F | D125: ER | E125: 45292 | F125: 45294 | G125: 2 | H125: No | I125: 3728 | J125: =UPPER((SUBSTITUTE(D125,CHAR(160)," "))) -> ER | K125: =UPPER(TRIM(H125)) -> NO | L125: =IF(OR(E125="",F125=""),"",F125-E125) -> 2 | M125: =IF(OR(G125="",L125=""),"",IF(G125=L125,"Match","Mismatch")) -> Match | N125: =_xlfn.XLOOKUP(UPPER(TRIM(SUBSTITUTE(J125,CHAR(160)," "))),Departments!A:A,Departments!C:C,"") -> 2 | O125: =IF(OR(L125="",N125=""),"",IF(L125>N125,"Above Target","Within Target")) -> Within Target
A126: 2125 | B126: 64 | C126: M | D126: ONCOLOGY | E126: 45325 | F126: 45336 | G126: 11 | H126: No | I126: 26660 | J126: =UPPER((SUBSTITUTE(D126,CHAR(160)," "))) -> ONCOLOGY | K126: =UPPER(TRIM(H126)) -> NO | L126: =IF(OR(E126="",F126=""),"",F126-E126) -> 11 | M126: =IF(OR(G126="",L126=""),"",IF(G126=L126,"Match","Mismatch")) -> Match | N126: =_xlfn.XLOOKUP(UPPER(TRIM(SUBSTITUTE(J126,CHAR(160)," "))),Departments!A:A,Departments!C:C,"") -> 6 | O126: =IF(OR(L126="",N126=""),"",IF(L126>N126,"Above Target","Within Target")) -> Above Target
A127: 2126 | B127: 82 | C127: F | D127: ER | E127: 45381 | F127: 45383 | G127: 2 | H127: No | I127: 6740 | J127: =UPPER((SUBSTITUTE(D127,CHAR(160)," "))) -> ER | K127: =UPPER(TRIM(H127)) -> NO | L127: =IF(OR(E127="",F127=""),"",F127-E127) -> 2 | M127: =IF(OR(G127="",L127=""),"",IF(G127=L127,"Match","Mismatch")) -> Match | N127: =_xlfn.XLOOKUP(UPPER(TRIM(SUBSTITUTE(J127,CHAR(160)," "))),Departments!A:A,Departments!C:C,"") -> 2 | O127: =IF(OR(L127="",N127=""),"",IF(L127>N127,"Above Target","Within Target")) -> Within Target
A128: 2127 | B128: 12 | C128: M | D128: Pediatrics | E128: 45295 | F128: 45298 | G128: 3 | H128: No | I128: 8393 | J128: =UPPER((SUBSTITUTE(D128,CHAR(160)," "))) -> PEDIATRICS | K128: =UPPER(TRIM(H128)) -> NO | L128: =IF(OR(E128="",F128=""),"",F128-E128) -> 3 | M128: =IF(OR(G128="",L128=""),"",IF(G128=L128,"Match","Mismatch")) -> Match | N128: =_xlfn.XLOOKUP(UPPER(TRIM(SUBSTITUTE(J128,CHAR(160)," "))),Departments!A:A,Departments!C:C,"") -> 3 | O128: =IF(OR(L128="",N128=""),"",IF(L128>N128,"Above Target","Within Target")) -> Within Target
A129: 2128 | B129: 30 | C129: M | D129: Orthopedics | E129: 45360 | F129: 45371 | G129: 11 | H129: No | J129: =UPPER((SUBSTITUTE(D129,CHAR(160)," "))) -> ORTHOPEDICS | K129: =UPPER(TRIM(H129)) -> NO | L129: =IF(OR(E129="",F129=""),"",F129-E129) -> 11 | M129: =IF(OR(G129="",L129=""),"",IF(G129=L129,"Match","Mismatch")) -> Match | N129: =_xlfn.XLOOKUP(UPPER(TRIM(SUBSTITUTE(J129,CHAR(160)," "))),Departments!A:A,Departments!C:C,"") -> 6 | O129: =IF(OR(L129="",N129=""),"",IF(L129>N129,"Above Target","Within Target")) -> Above Target
A130: 2129 | B130: 58 | C130: M | D130: Orthopedics | E130: 45351 | F130: 45360 | G130: 9 | H130: No | I130: 21220 | J130: =UPPER((SUBSTITUTE(D130,CHAR(160)," "))) -> ORTHOPEDICS | K130: =UPPER(TRIM(H130)) -> NO | L130: =IF(OR(E130="",F130=""),"",F130-E130) -> 9 | M130: =IF(OR(G130="",L130=""),"",IF(G130=L130,"Match","Mismatch")) -> Match | N130: =_xlfn.XLOOKUP(UPPER(TRIM(SUBSTITUTE(J130,CHAR(160)," "))),Departments!A:A,Departments!C:C,"") -> 6 | O130: =IF(OR(L130="",N130=""),"",IF(L130>N130,"Above Target","Within Target")) -> Above Target
A131: 2130 | B131: 65 | C131: F | D131: Neurology | E131: 45330 | F131: 45344 | G131: 14 | H131: No | I131: 38312 | J131: =UPPER((SUBSTITUTE(D131,CHAR(160)," "))) -> NEUROLOGY | K131: =UPPER(TRIM(H131)) -> NO | L131: =IF(OR(E131="",F131=""),"",F131-E131) -> 14 | M131: =IF(OR(G131="",L131=""),"",IF(G131=L131,"Match","Mismatch")) -> Match | N131: =_xlfn.XLOOKUP(UPPER(TRIM(SUBSTITUTE(J131,CHAR(160)," "))),Departments!A:A,Departments!C:C,"") -> 7 | O131: =IF(OR(L131="",N131=""),"",IF(L131>N131,"Above Target","Within Target")) -> Above Target
A132: 2131 | B132: 45 | C132: F | D132: Orthopedics | E132: 45333 | F132: 45338 | G132: 5 | H132: No | I132: 13077 | J132: =UPPER((SUBSTITUTE(D132,CHAR(160)," "))) -> ORTHOPEDICS | K132: =UPPER(TRIM(H132)) -> NO | L132: =IF(OR(E132="",F132=""),"",F132-E132) -> 5 | M132: =IF(OR(G132="",L132=""),"",IF(G132=L132,"Match","Mismatch")) -> Match | N132: =_xlfn.XLOOKUP(UPPER(TRIM(SUBSTITUTE(J132,CHAR(160)," "))),Departments!A:A,Departments!C:C,"") -> 6 | O132: =IF(OR(L132="",N132=""),"",IF(L132>N132,"Above Target","Within Target")) -> Within Target
A133: 2132 | B133: 39 | C133: M | D133: ER | E133: 45327 | F133: 45328 | G133: 1 | H133: Yes | I133: 3393 | J133: =UPPER((SUBSTITUTE(D133,CHAR(160)," "))) -> ER | K133: =UPPER(TRIM(H133)) -> YES | L133: =IF(OR(E133="",F133=""),"",F133-E133) -> 1 | M133: =IF(OR(G133="",L133=""),"",IF(G133=L133,"Match","Mismatch")) -> Match | N133: =_xlfn.XLOOKUP(UPPER(TRIM(SUBSTITUTE(J133,CHAR(160)," "))),Departments!A:A,Departments!C:C,"") -> 2 | O133: =IF(OR(L133="",N133=""),"",IF(L133>N133,"Above Target","Within Target")) -> Within Target
A134: 2133 | B134: 56 | C134: F | D134: Oncology | E134: 45372 | F134: 45378 | G134: 6 | H134: No | I134: 16366 | J134: =UPPER((SUBSTITUTE(D134,CHAR(160)," "))) -> ONCOLOGY | K134: =UPPER(TRIM(H134)) -> NO | L134: =IF(OR(E134="",F134=""),"",F134-E134) -> 6 | M134: =IF(OR(G134="",L134=""),"",IF(G134=L134,"Match","Mismatch")) -> Match | N134: =_xlfn.XLOOKUP(UPPER(TRIM(SUBSTITUTE(J134,CHAR(160)," "))),Departments!A:A,Departments!C:C,"") -> 6 | O134: =IF(OR(L134="",N134=""),"",IF(L134>N134,"Above Target","Within Target")) -> Within Target
A135: 2134 | B135: 56 | C135: M | D135: Orthopedics | E135: 45377 | F135: 45389 | G135: 12 | H135: No | I135: 34085 | J135: =UPPER((SUBSTITUTE(D135,CHAR(160)," "))) -> ORTHOPEDICS | K135: =UPPER(TRIM(H135)) -> NO | L135: =IF(OR(E135="",F135=""),"",F135-E135) -> 12 | M135: =IF(OR(G135="",L135=""),"",IF(G135=L135,"Match","Mismatch")) -> Match | N135: =_xlfn.XLOOKUP(UPPER(TRIM(SUBSTITUTE(J135,CHAR(160)," "))),Departments!A:A,Departments!C:C,"") -> 6 | O135: =IF(OR(L135="",N135=""),"",IF(L135>N135,"Above Target","Within Target")) -> Above Target
A136: 2135 | B136: 34 | C136: F | D136: ER | E136: 45323 | F136: 45325 | G136: 2 | H136: No | I136: 6398 | J136: =UPPER((SUBSTITUTE(D136,CHAR(160)," "))) -> ER | K136: =UPPER(TRIM(H136)) -> NO | L136: =IF(OR(E136="",F136=""),"",F136-E136) -> 2 | M136: =IF(OR(G136="",L136=""),"",IF(G136=L136,"Match","Mismatch")) -> Match | N136: =_xlfn.XLOOKUP(UPPER(TRIM(SUBSTITUTE(J136,CHAR(160)," "))),Departments!A:A,Departments!C:C,"") -> 2 | O136: =IF(OR(L136="",N136=""),"",IF(L136>N136,"Above Target","Within Target")) -> Within Target
A137: 2136 | B137: 53 | C137: F | D137: Pediatrics | E137: 45333 | F137: 45334 | G137: 1 | H137: No | I137: 6962 | J137: =UPPER((SUBSTITUTE(D137,CHAR(160)," "))) -> PEDIATRICS | K137: =UPPER(TRIM(H137)) -> NO | L137: =IF(OR(E137="",F137=""),"",F137-E137) -> 1 | M137: =IF(OR(G137="",L137=""),"",IF(G137=L137,"Match","Mismatch")) -> Match | N137: =_xlfn.XLOOKUP(UPPER(TRIM(SUBSTITUTE(J137,CHAR(160)," "))),Departments!A:A,Departments!C:C,"") -> 3 | O137: =IF(OR(L137="",N137=""),"",IF(L137>N137,"Above Target","Within Target")) -> Within Target
A138: 2137 | B138: 26 | C138: M | D138: Cardiology | E138: 45365 | F138: 45374 | G138: 9 | H138: No | J138: =UPPER((SUBSTITUTE(D138,CHAR(160)," "))) -> CARDIOLOGY | K138: =UPPER(TRIM(H138)) -> NO | L138: =IF(OR(E138="",F138=""),"",F138-E138) -> 9 | M138: =IF(OR(G138="",L138=""),"",IF(G138=L138,"Match","Mismatch")) -> Match | N138: =_xlfn.XLOOKUP(UPPER(TRIM(SUBSTITUTE(J138,CHAR(160)," "))),Departments!A:A,Departments!C:C,"") -> 5 | O138: =IF(OR(L138="",N138=""),"",IF(L138>N138,"Above Target","Within Target")) -> Above Target
A139: 2138 | B139: 59 | C139: F | D139: Pediatrics | E139: 45315 | F139: 45319 | G139: 4 | H139: No | I139: 9293 | J139: =UPPER((SUBSTITUTE(D139,CHAR(160)," "))) -> PEDIATRICS | K139: =UPPER(TRIM(H139)) -> NO | L139: =IF(OR(E139="",F139=""),"",F139-E139) -> 4 | M139: =IF(OR(G139="",L139=""),"",IF(G139=L139,"Match","Mismatch")) -> Match | N139: =_xlfn.XLOOKUP(UPPER(TRIM(SUBSTITUTE(J139,CHAR(160)," "))),Departments!A:A,Departments!C:C,"") -> 3 | O139: =IF(OR(L139="",N139=""),"",IF(L139>N139,"Above Target","Within Target")) -> Above Target
A140: 2139 | B140: 52 | C140: F | D140: Cardiology | E140: 45301 | F140: 45309 | G140: 8 | H140: No | I140: 27126 | J140: =UPPER((SUBSTITUTE(D140,CHAR(160)," "))) -> CARDIOLOGY | K140: =UPPER(TRIM(H140)) -> NO | L140: =IF(OR(E140="",F140=""),"",F140-E140) -> 8 | M140: =IF(OR(G140="",L140=""),"",IF(G140=L140,"Match","Mismatch")) -> Match | N140: =_xlfn.XLOOKUP(UPPER(TRIM(SUBSTITUTE(J140,CHAR(160)," "))),Departments!A:A,Departments!C:C,"") -> 5 | O140: =IF(OR(L140="",N140=""),"",IF(L140>N140,"Above Target","Within Target")) -> Above Target
A141: 2140 | B141: 52 | C141: F | D141: ER | E141: 45351 | F141: 45352 | G141: 1 | H141: No | I141: 4399 | J141: =UPPER((SUBSTITUTE(D141,CHAR(160)," "))) -> ER | K141: =UPPER(TRIM(H141)) -> NO | L141: =IF(OR(E141="",F141=""),"",F141-E141) -> 1 | M141: =IF(OR(G141="",L141=""),"",IF(G141=L141,"Match","Mismatch")) -> Match | N141: =_xlfn.XLOOKUP(UPPER(TRIM(SUBSTITUTE(J141,CHAR(160)," "))),Departments!A:A,Departments!C:C,"") -> 2 | O141: =IF(OR(L141="",N141=""),"",IF(L141>N141,"Above Target","Within Target")) -> Within Target
A142: 2141 | B142: 19 | C142: M | D142: Pediatrics | E142: 45373 | F142: 45377 | G142: 4 | H142: No | I142: 10764 | J142: =UPPER((SUBSTITUTE(D142,CHAR(160)," "))) -> PEDIATRICS | K142: =UPPER(TRIM(H142)) -> NO | L142: =IF(OR(E142="",F142=""),"",F142-E142) -> 4 | M142: =IF(OR(G142="",L142=""),"",IF(G142=L142,"Match","Mismatch")) -> Match | N142: =_xlfn.XLOOKUP(UPPER(TRIM(SUBSTITUTE(J142,CHAR(160)," "))),Departments!A:A,Departments!C:C,"") -> 3 | O142: =IF(OR(L142="",N142=""),"",IF(L142>N142,"Above Target","Within Target")) -> Above Target
A143: 2142 | B143: 30 | C143: M | D143: Pediatrics | E143: 45340 | F143: 45343 | G143: 3 | H143: No | J143: =UPPER((SUBSTITUTE(D143,CHAR(160)," "))) -> PEDIATRICS | K143: =UPPER(TRIM(H143)) -> NO | L143: =IF(OR(E143="",F143=""),"",F143-E143) -> 3 | M143: =IF(OR(G143="",L143=""),"",IF(G143=L143,"Match","Mismatch")) -> Match | N143: =_xlfn.XLOOKUP(UPPER(TRIM(SUBSTITUTE(J143,CHAR(160)," "))),Departments!A:A,Departments!C:C,"") -> 3 | O143: =IF(OR(L143="",N143=""),"",IF(L143>N143,"Above Target","Within Target")) -> Within Target
A144: 2143 | B144: 39 | C144: M | D144: ER | E144: 45354 | F144: 45356 | G144: 2 | H144: No | I144: 5198 | J144: =UPPER((SUBSTITUTE(D144,CHAR(160)," "))) -> ER | K144: =UPPER(TRIM(H144)) -> NO | L144: =IF(OR(E144="",F144=""),"",F144-E144) -> 2 | M144: =IF(OR(G144="",L144=""),"",IF(G144=L144,"Match","Mismatch")) -> Match | N144: =_xlfn.XLOOKUP(UPPER(TRIM(SUBSTITUTE(J144,CHAR(160)," "))),Departments!A:A,Departments!C:C,"") -> 2 | O144: =IF(OR(L144="",N144=""),"",IF(L144>N144,"Above Target","Within Target")) -> Within Target
A145: 2144 | B145: 11 | C145: M | D145: Orthopedics | E145: 45359 | F145: 45366 | G145: 7 | H145: No | J145: =UPPER((SUBSTITUTE(D145,CHAR(160)," "))) -> ORTHOPEDICS | K145: =UPPER(TRIM(H145)) -> NO | L145: =IF(OR(E145="",F145=""),"",F145-E145) -> 7 | M145: =IF(OR(G145="",L145=""),"",IF(G145=L145,"Match","Mismatch")) -> Match | N145: =_xlfn.XLOOKUP(UPPER(TRIM(SUBSTITUTE(J145,CHAR(160)," "))),Departments!A:A,Departments!C:C,"") -> 6 | O145: =IF(OR(L145="",N145=""),"",IF(L145>N145,"Above Target","Within Target")) -> Above Target
...

Sheet Dashboard
B1: Healthcare Admissions Performance Dashboard
B2: Total Admissions | D2: Avg Length of Stay | F2: Readmission Rate | H2: Total Charges | J2: % Above Target LOS
B3: =COUNTA(Patient_Admissions!A2:A2241) -> 240 | D3: =AVERAGE(Patient_Admissions!L2:L2241) -> 5.106383 | F3: =COUNTIF(Patient_Admissions!K2:K2241,"YES") / COUNTA(Patient_Admissions!A2:A2241) -> 0.22083333 | H3: =SUM(Patient_Admissions!I2:I2241) -> 3395663 | J3: =COUNTIF(Patient_Admissions!O2:O2241,"Above Target")/COUNTIF(Patient_Admissions!O2:O2241,"<>") -> 0.4

Sheet Departments
A1: Department | B1: Dept_Manager | C1: Avg_Target_LOS
A2: Cardiology | B2: Dr. Smith | C2: 5
A3: Orthopedics | B3: Dr. Lee | C3: 6
A4: Neurology | B4: Dr. Patel | C4: 7
A5: ER | B5: Dr. Gomez | C5: 2
A6: Oncology | B6: Dr. Nguyen | C6: 6
A7: Pediatrics | B7: Dr. Johnson | C7: 3

Sheet Portfolio_Instructions
A1: This workbook contains SYNTHETIC (fake) healthcare admissions data for portfolio practice.
A2: Goal: Build pivot tables, formulas (SUMIFS/COUNTIFS/AVERAGEIFS), and a dashboard.
A3: Data quality: Some rows have missing Total_Charges, Discharge_Date, or Length_of_Stay.
A4: Cleaning practice: Department field includes inconsistent casing and extra spaces.
A6: Suggested portfolio outputs:
A7: 1) KPI cards: Total Admissions, Avg LOS, Readmission Rate, Total Charges (exclude blanks).
A8: 2) Pivot: Department -> Avg LOS, Total Charges, Count of Patients; add slicers.
A9: 3) Chart: Avg LOS by Department; Trend: Admissions per month.
A10: 4) Insights: 3 findings + 3 recommendations (healthcare operations angle).
